"0","matrix_k(df$GRPs,df$GRPs)[1:3,1:3]
"
"1","    "
"1","         [,1]"
"1","          [,2]"
"1","          [,3]"
"1","
[1,]"
"1"," 1.000000e+00"
"1","  1.388794e-11"
"1","  1.921948e-98"
"1","
[2,]"
"1"," 1.388794e-11"
"1","  1.000000e+00"
"1"," 1.915170e-174"
"1","
[3,]"
"1"," 1.921948e-98"
"1"," 1.915170e-174"
"1","  1.000000e+00"
"1","
"
